store,total_revenue,orders
campus,3583.2599999999998,241
downtown,3820.5,248
mall,3748.1799999999976,249
airport,3932.0099999999966,262
